train_0.wav,00000000.wav
train_1.wav,00000010.wav
train_2.wav,00000020.wav
train_3.wav,00000030.wav
train_4.wav,00000040.wav
train_5.wav,00000050.wav
train_6.wav,00000060.wav
train_7.wav,00000070.wav
train_8.wav,00000080.wav
train_9.wav,00000090.wav
train_10.wav,00000100.wav
train_11.wav,00000110.wav
train_12.wav,00000120.wav
train_13.wav,00000130.wav
train_14.wav,00000140.wav
train_15.wav,00000150.wav
train_16.wav,00000160.wav
train_17.wav,00000170.wav
train_18.wav,00000180.wav
train_19.wav,00000190.wav
test_normal_0.wav,00000001.wav
test_normal_1.wav,00000011.wav
test_normal_2.wav,00000022.wav
test_normal_3.wav,00000033.wav
test_normal_4.wav,00000044.wav
test_anomaly_0.wav,00000007.wav
test_anomaly_1.wav,00000017.wav
test_anomaly_2.wav,00000025.wav
test_anomaly_3.wav,00000035.wav
test_anomaly_4.wav,00000040.wav
