blues_1.wav,blues,blues_00048.wav
blues_2.wav,blues,blues_00083.wav
blues_3.wav,blues,blues_00096.wav
blues_4.wav,blues,blues_00058.wav
blues_5.wav,blues,blues_00092.wav
blues_6.wav,blues,blues_00017.wav
blues_7.wav,blues,blues_00077.wav
blues_8.wav,blues,blues_00016.wav
blues_9.wav,blues,blues_00033.wav
blues_10.wav,blues,blues_00013.wav
classical_1.wav,classical,classical_00017.wav
classical_2.wav,classical,classical_00009.wav
classical_3.wav,classical,classical_00081.wav
classical_4.wav,classical,classical_00013.wav
classical_5.wav,classical,classical_00043.wav
classical_6.wav,classical,classical_00069.wav
classical_7.wav,classical,classical_00056.wav
classical_8.wav,classical,classical_00053.wav
classical_9.wav,classical,classical_00023.wav
classical_10.wav,classical,classical_00097.wav
country_1.wav,country,country_00059.wav
country_2.wav,country,country_00001.wav
country_3.wav,country,country_00079.wav
country_4.wav,country,country_00076.wav
country_5.wav,country,country_00088.wav
country_6.wav,country,country_00050.wav
country_7.wav,country,country_00080.wav
country_8.wav,country,country_00083.wav
country_9.wav,country,country_00002.wav
country_10.wav,country,country_00098.wav
disco_1.wav,disco,disco_00099.wav
disco_2.wav,disco,disco_00038.wav
disco_3.wav,disco,disco_00003.wav
disco_4.wav,disco,disco_00095.wav
disco_5.wav,disco,disco_00068.wav
disco_6.wav,disco,disco_00030.wav
disco_7.wav,disco,disco_00036.wav
disco_8.wav,disco,disco_00019.wav
disco_9.wav,disco,disco_00016.wav
disco_10.wav,disco,disco_00093.wav
hiphop_1.wav,hiphop,hiphop_00033.wav
hiphop_2.wav,hiphop,hiphop_00012.wav
hiphop_3.wav,hiphop,hiphop_00043.wav
hiphop_4.wav,hiphop,hiphop_00014.wav
hiphop_5.wav,hiphop,hiphop_00046.wav
hiphop_6.wav,hiphop,hiphop_00094.wav
hiphop_7.wav,hiphop,hiphop_00070.wav
hiphop_8.wav,hiphop,hiphop_00062.wav
hiphop_9.wav,hiphop,hiphop_00078.wav
hiphop_10.wav,hiphop,hiphop_00002.wav
jazz_1.wav,jazz,jazz_00068.wav
jazz_2.wav,jazz,jazz_00014.wav
jazz_3.wav,jazz,jazz_00082.wav
jazz_4.wav,jazz,jazz_00056.wav
jazz_5.wav,jazz,jazz_00000.wav
jazz_6.wav,jazz,jazz_00023.wav
jazz_7.wav,jazz,jazz_00045.wav
jazz_8.wav,jazz,jazz_00050.wav
jazz_9.wav,jazz,jazz_00035.wav
jazz_10.wav,jazz,jazz_00029.wav
metal_1.wav,metal,metal_00083.wav
metal_2.wav,metal,metal_00041.wav
metal_3.wav,metal,metal_00072.wav
metal_4.wav,metal,metal_00075.wav
metal_5.wav,metal,metal_00066.wav
metal_6.wav,metal,metal_00081.wav
metal_7.wav,metal,metal_00074.wav
metal_8.wav,metal,metal_00025.wav
metal_9.wav,metal,metal_00006.wav
metal_10.wav,metal,metal_00017.wav
pop_1.wav,pop,pop_00052.wav
pop_2.wav,pop,pop_00055.wav
pop_3.wav,pop,pop_00066.wav
pop_4.wav,pop,pop_00046.wav
pop_5.wav,pop,pop_00089.wav
pop_6.wav,pop,pop_00051.wav
pop_7.wav,pop,pop_00005.wav
pop_8.wav,pop,pop_00025.wav
pop_9.wav,pop,pop_00076.wav
pop_10.wav,pop,pop_00038.wav
reggae_1.wav,reggae,reggae_00084.wav
reggae_2.wav,reggae,reggae_00041.wav
reggae_3.wav,reggae,reggae_00006.wav
reggae_4.wav,reggae,reggae_00048.wav
reggae_5.wav,reggae,reggae_00082.wav
reggae_6.wav,reggae,reggae_00069.wav
reggae_7.wav,reggae,reggae_00003.wav
reggae_8.wav,reggae,reggae_00097.wav
reggae_9.wav,reggae,reggae_00077.wav
reggae_10.wav,reggae,reggae_00044.wav
rock_1.wav,rock,rock_00035.wav
rock_2.wav,rock,rock_00093.wav
rock_3.wav,rock,rock_00020.wav
rock_4.wav,rock,rock_00042.wav
rock_5.wav,rock,rock_00095.wav
rock_6.wav,rock,rock_00021.wav
rock_7.wav,rock,rock_00032.wav
rock_8.wav,rock,rock_00006.wav
rock_9.wav,rock,rock_00074.wav
rock_10.wav,rock,rock_00001.wav
